auditRisk,boardRisk,compensationRisk,shareHolderRightsRisk,overallRisk,maxAge,priceHint,previousClose,open,dayLow,dayHigh,regularMarketPreviousClose,regularMarketOpen,regularMarketDayLow,regularMarketDayHigh,dividendRate,payoutRatio,beta,trailingPE,forwardPE,volume,regularMarketVolume,averageVolume,averageVolume10days,averageDailyVolume10Day,bid,ask,marketCap,fiftyTwoWeekLow,fiftyTwoWeekHigh,priceToSalesTrailing12Months,fiftyDayAverage,twoHundredDayAverage,enterpriseValue,profitMargins,floatShares,sharesOutstanding,heldPercentInsiders,heldPercentInstitutions,impliedSharesOutstanding,bookValue,priceToBook,lastFiscalYearEnd,nextFiscalYearEnd,mostRecentQuarter,earningsQuarterlyGrowth,netIncomeToCommon,trailingEps,forwardEps,lastSplitFactor,lastSplitDate,enterpriseToRevenue,enterpriseToEbitda,52WeekChange,SandP52WeekChange,lastDividendValue,lastDividendDate,shortName,longName,firstTradeDateEpochUtc,gmtOffSetMilliseconds,currentPrice,targetHighPrice,targetLowPrice,targetMeanPrice,targetMedianPrice,recommendationMean,recommendationKey,numberOfAnalystOpinions,totalCash,totalCashPerShare,ebitda,totalDebt,totalRevenue,debtToEquity,revenuePerShare,earningsGrowth,revenueGrowth,grossMargins,ebitdaMargins,operatingMargins,Ticker,All Time High,52 Week High,Breakout Level,Today's High,Trailing Stop Loss,Today's Open,Current Market Price,Stop Loss,Stop Loss Points,Stop Loss Hit,Volume,Entry Price,Exit Price,Profit,Trailing Profit
2,7,7,1,5,86400,2,232.43,235.1,235.1,248.89,232.43,235.1,235.1,248.89,7.55,0.59419996,0.904,29.612982,31.790968,45794687,45794687,17564331,12428060,12428060,,,7.23539E+11,157.55,248.89,1.5452378,228.702,189.0915,1.05001E+12,0.0523,1739509642,2936430080,0.52731,0.22681,2936679936,30.666,8.034306,1711843200,1743379200,1719705600,-0.064,24487800832,8.32,7.75,02:01,1312243200,2.242,12.768,0.296319,0.17829525,4.95,1712102400,ASHOK LEYLAND,Ashok Leyland Limited,1025495100,19800000,246.38,177,73,142.03,150,2.1,buy,40,68618801152,23.369,82237497344,4.08038E+11,4.68238E+11,345.368,159.431,-0.065,0.107,0.36839,0.17563,0.1523,ASHOKLEY.NS,245.6699982,248.89,245.6699982,248.8899994,243.8899994,235.1000061,246.3800049,242.2132982,3.456699982,No,45794687,245.6699982,246.3800049,0.710006714,-1.779998779
3,5,8,7,6,86400,2,1090.95,1111.95,1083.6,1120.5,1090.95,1111.95,1083.6,1120.5,3,0.024400001,1.813,13.649457,,21228652,21228652,12599357,10604256,10604256,,,4.10747E+12,593.3,1120.5,0.9379335,979.62,885.4165,4.8163E+12,0.0717,2136168278,3324659968,0.47926998,0.23563999,3852760064,221.588,5.046754,1711843200,1743379200,1711843200,2.219,3.13991E+11,81.93,,05:01,1315785600,1.1,9.922,0.7172202,0.17829525,3,1718064000,TATA MOTORS LTD.,Tata Motors Limited,662787900,19800000,1118.3,,,,,,none,,5.92166E+11,154.522,4.85433E+11,1.12044E+12,4.37928E+12,117.15,1143.185,2.217,0.133,0.43827,0.11085,0.06937,TATAMOTORS.NS,1094,1120.5,1094,1120.5,1115.5,1111.949951,1118.300049,1093,18.94995117,No,21228652,1111.949951,1118.300049,6.350097656,3.550048828
1,10,7,7,10,86400,2,424.85,439.9,435,447.35,424.85,439.9,435,447.35,,,0.251,19.868246,21.08294,20827394,20827394,33304523,25310112,25310112,,,1.19841E+12,157.35,447.35,4.190166,366.266,273.01276,1.349E+12,0.21104999,1317909636,2693969920,0.51068,0.25177,2704750080,100.387,4.4313507,1711843200,1743379200,1711843200,0.324,60361998336,22.39,21.1,,,4.717,9.181,1.4416666,0.17829525,11,1652400000,INDUS TOWERS LIMITED,Indus Towers Limited,1356666300,19800000,444.85,400,180,258.44,250,2.6,hold,25,631000000,0.234,1.46939E+11,2.0531E+11,2.86006E+11,75.932,106.135,0.326,0.065,0.53388,0.51376,0.35285,INDUSTOWER.NS,439.7000122,447.35,439.7000122,447.3500061,442.3500061,439.8999939,444.8500061,438.7000122,1.199981689,No,20827394,439.8999939,444.8500061,4.950012207,2.450012207
3,7,3,5,3,86400,2,392.15,394.95,389.7,399.5,392.15,394.95,389.7,399.5,13,0.4161,0.446,19.397943,16.335531,20376894,20376894,18739792,23497152,23497152,,,3.84279E+12,199.5,399.5,2.152813,370.143,327.284,6.15003E+12,0.11659,4553415072,9696669696,0.52676,0.40570998,9706559488,165.692,2.391787,1711843200,1743379200,1711843200,0.269,2.08119E+11,20.43,24.26,06:05,1552953600,3.445,12.037,0.867381,0.17829525,3.25,1707177600,NTPC LTD,NTPC Limited,1099626300,19800000,396.3,495,258,403,414,1.9,buy,23,68973395968,7.111,5.10927E+11,2.37131E+12,1.78501E+12,143.609,184.06,0.269,0.076,0.4174,0.28623,0.2084,NTPC.NS,396.2999878,399.5,396.2999878,399.5,394.5,394.9500122,396.2999878,393.9500122,2.349975586,No,20376894,396.2999878,396.2999878,0,-1.799987793
,,,,,86400,2,361.5,364,361.7,376.9,361.5,364,361.7,376.9,,,-0.056,,54.84604,15089782,15089782,10569979,17660972,17660972,,,1.15917E+11,172.55,376.9,2.2674398,256.0702,238.0533,1.40177E+11,-0.04447,140418937,309896992,0.76439005,0.17458001,318791008,175.85,2.127097,1711843200,1743379200,1711843200,,-2273400064,-7.34,6.82,,,2.742,141.564,0.6837448,0.17829525,1,1663632000,INDIA CEMENTS,The India Cements Limited,820554300,19800000,374.05,250,120,171.11,160,3.7,underperform,9,852499968,2.689,990200000,26182400000,51122401280,46.76,164.606,,-0.147,0.43268,0.01937,-0.016180001,INDIACEM.NS,366,376.9,366,376.8999939,371.8999939,364,374.0499878,363,3,No,15089782,366,374.0499878,8.049987793,5.899993896
,,,,,86400,2,89.73,90.97,88.55,92.49,89.73,90.97,88.55,92.49,0.2,0.1318,1.206,122.328766,,12102042,12102042,10182591,8854242,8854242,,,1.02185E+11,39.6,92.49,16.369625,71.006,55.483418,1.02211E+11,0.1279,450503275,1142360064,0.57358,0.01047,1155980032,3.592,24.860802,1711843200,1743379200,1711843200,2.305,798382976,0.73,,,,16.374,102.857,1.1288257,0.17829525,0.2,1721347200,LLOYDS ENGG WORK LIMITED,Lloyds Engineering Works Limited,1696477500,19800000,89.3,,,,,,none,,1249713024,1.092,993720000,753017024,6242360832,18.313,5.779,2.066,0.081,0.21037,0.15919,0.13435,LLOYDSENGG.NS,90.80000305,92.49,90.80000305,92.48999786,87.48999786,90.97000122,89.30000305,89.80000305,1.169998169,Yes,12102042,90.97000122,89.80000305,-1.169998169,-3.480003357
10,4,5,1,4,86400,2,1824.85,1825.35,1825.35,1883,1824.85,1825.35,1825.35,1883,20,0.5924,0.588,29.166409,25.955242,11368702,11368702,8739856,11040940,11040940,,,7.78199E+12,1333.25,1883,417.06363,1568.383,1534.4812,7.55616E+12,0.17181998,3577174246,4141779968,0.15885,0.48016998,4141779968,2.404,781.5724,1711843200,1743379200,1719705600,0.054,3206000128,64.42,72.39,02:01,1536019200,404.96,1787.594,0.36132038,0.17829525,8,1717113600,INFOSYS LTD,Infosys Limited,820467900,19800000,1878.9,2140,1160,1809.54,1870,2.3,buy,41,3022000128,0.73,4227000064,1002000000,18659000320,10.017,4.508,0.059,0.021,0.29551,0.22654,0.21086,INFY.NS,1852.602324,1883,1852.602324,1883,1878,1825.349976,1878.900024,1833.076301,19.52602324,No,11368702,1852.602324,1878.900024,26.29770017,25.39767576
,,,,,86400,2,215.99,216.98,215.24,229.34,215.99,216.98,215.24,229.34,2.4,0.0943,0.919,10.491279,19.956951,8792934,8792934,2765293,3055847,3055847,,,1.78758E+11,115.6,229.34,3.6128194,202.9936,181.6489,1.42005E+11,0.34456003,762066994,803336000,,0.36446,816536000,124.818,1.7827557,1711843200,1743379200,1719705600,0.279,17048299520,21.21,11.15,11:10,1534204800,2.87,,0.7418548,0.17829525,2.4,1722470400,KARUR VYSYA BANK,The Karur Vysya Bank Limited,820467900,19800000,222.52,80,49,66.64,65,1.4,strong_buy,11,56585699328,70.319,,24783499264,49478901760,,61.587,0.278,0.195,,,0.47893003,KARURVYSYA.NS,219.8999939,229.34,219.8999939,229.3399963,224.3399963,216.9799957,222.5200043,216.700994,3.198999939,No,8792934,219.8999939,222.5200043,2.620010376,4.440002441
,,,,,86400,2,270.94,272.5,264.55,278.85,270.94,272.5,264.55,278.85,7.5,1.2387,0.694,29.922384,,7857727,7857727,9079369,14218759,14218759,,,2.63116E+11,132.4,278.85,5.153122,218.3012,189.14005,2.5693E+11,0.17193002,482602702,989121984,0.51193,0.21361,989305024,21.45,12.401399,1703980800,1735603200,1711843200,0.068,8778699776,8.89,,02:01,1513814400,5.032,21.437,0.8381275,0.17829525,4.5,1710979200,CASTROL INDIA,Castrol India Limited,1029123900,19800000,266.01,,,,,,none,,11832099840,11.962,11985174528,769500032,51059601408,3.627,51.626,0.068,0.024,0.47533,0.23472999,0.20376,CASTROLIND.NS,277.6900024,278.85,277.6900024,278.8500061,273.8500061,272.5,266.0100098,273.9131024,3.776900024,Yes,7857727,277.6900024,273.9131024,-3.776900024,-3.839996338
,,,,,86400,2,1160.9,1165,1151.05,1197,1160.9,1165,1151.05,1197,13,0.123,0.582,20.821905,17.068022,7726745,7726745,3929101,6620437,6620437,,,7.49101E+12,597.35,1197,0.8747566,1031.258,907.8495,7.61633E+12,0.049429998,151540764,6325000192,0.965,0.00844,7276630016,119.582,9.904082,1711843200,1743379200,1711843200,0.721,4.23298E+11,56.88,69.39,,,0.889,19.75,0.8522537,0.17829525,6,1721347200,Life Insura Corp of India,Life Insurance Corporation of India,1652759100,19800000,1184.35,1300,775,1130.44,1210,1.9,buy,16,4.18245E+11,60.443,3.85646E+11,,8.56354E+12,,1308.714,2.146,0.263,0.10025,0.045029998,0.062750004,LICI.NS,1173,1197,1173,1197,1192,1165,1184.349976,1164,9,No,7726745,1173,1184.349976,11.34997559,19
,,,,,86400,2,93.55,94,93.88,110.25,93.55,94,93.88,110.25,0.5,,,40.828247,,7653042,7653042,508919,683386,683386,,,10229188608,68.15,110.25,0.970631,86.438,80.544,9540649984,0.02377,67612606,95585800,0.27851,0.18691999,95626704,144.976,0.73784626,1711843200,1743379200,1711843200,,250500000,2.62,,,,0.905,11.416,0.3412186,0.17829525,0.5,1719792000,GHCL Textiles Limited,GHCL Textiles Limited,1686541500,19800000,106.97,,,,,,none,,119600000,1.251,835699968,718200000,10538699776,5.183,110.254,,,0.22780001,0.0793,0.05347,GHCLTEXTIL.NS,97.71093305,110.25,97.71093305,110.25,105.25,94,106.9700012,95.73382372,1.977109331,No,7653042,97.71093305,106.9700012,9.259068168,7.539066947
10,9,3,7,9,86400,2,365.35,368.4,366.55,377.95,365.35,368.4,366.55,377.95,13,0.3808,0.53,14.175865,16.580587,7375086,7375086,5986679,7332621,7332621,,,5.586E+11,191.7,377.95,1.0251783,322.024,269.6555,5.03949E+11,0.072280005,730975163,1500000000,0.50163,0.2738,1503640064,116.154,3.2060885,1711843200,1743379200,1719705600,0.349,39386300416,26.27,22.46,02:01,1499040000,0.925,8.888,0.59402263,0.17829525,3,1720742400,PETRONET LNG,Petronet LNG Limited,1080272700,19800000,372.4,351,213,276.65,270,1.9,buy,37,74141999104,49.429,56702251008,30080999424,5.44881E+11,17.278,363.293,0.35,0.151,0.14726,0.10406,0.101969995,PETRONET.NS,367.8999939,377.95,367.8999939,377.9500122,372.9500122,368.3999939,372.3999939,366.8999939,1.5,No,7375086,368.3999939,372.3999939,4,4.550018311
,,,,,86400,2,247.38,249.35,246.05,262.8,247.38,249.35,246.05,262.8,3.5,0.4768,1.059,34.866665,23.233908,7074474,7074474,3153067,3825043,3825043,256.27,,1.76314E+11,136.85,262.8,2.782622,214.8286,195.7054,1.83511E+11,0.08124,301917523,688000000,0.56118,0.2524,690003008,53.815,4.762055,1711843200,1743379200,1711843200,-0.055,5147290112,7.35,11.03,,,2.896,22.995,0.75633657,0.17829525,3.5,1708041600,FIRSTSOURCE SOLUTI,Firstsource Solutions Limited,1172115900,19800000,256.27,300,220,248.3,244,1.9,buy,10,2081010048,3.026,7980630016,15486119936,63362449408,41.845,92.594,-0.057,0.073,0.37234002,0.12595001,0.10955,FSL.NS,258.9500122,262.8,258.9500122,262.7999878,257.7999878,249.3500061,256.269989,255.3605121,3.589500122,No,7074474,258.9500122,256.269989,-2.680023193,-1.150024414
,,,,,86400,2,179.18,180.25,179.6,186,179.18,180.25,179.6,186,0.1,0.0136,0.37,24.929058,,6862741,6862741,3346674,8068669,8068669,,,1.75794E+11,100,186,1.7523842,151.373,150.63075,1.89788E+11,0.07028,247509903,962040000,0.75073,0.09884,,47.014,3.8867145,1711843200,1743379200,1719705600,0.148,7050100224,7.33,,,,1.892,13.55,,,,,WELSPUN LIVING,Welspun Living Limited,1070509500,19800000,182.73,,,,,,none,,11635999744,11.974,14006474752,26322399232,1.00317E+11,57.06,104.317,0.163,0.161,0.47019002,0.13962,0.09649,WELSPUNLIV.NS,184.5,186,184.5,186,181,180.25,182.7299957,181.655,2.845,No,6862741,184.5,182.7299957,-1.770004272,-3.5
,,,,,86400,2,537,544.3,532.5,558.5,537,544.3,532.5,558.5,6,0.1475,0.906,20.294985,26.46154,5476049,5476049,3784633,4814906,4814906,,,3.49625E+11,365,558.5,1.3973602,504.015,478.524,3.76047E+11,0.06882,275449631,635100992,0.49863997,0.36469,635219008,218.897,2.5144246,1711843200,1743379200,1711843200,-0.039,17218660352,27.12,20.8,10:01,1187308800,1.503,9.253,0.2656139,0.17829525,6,1720137600,APOLLO TYRES,Apollo Tyres Limited,1009856700,19800000,550.4,330,140,266.38,276.5,2.1,buy,24,14053170176,22.127,40642551808,49051021312,2.50204E+11,35.283,393.959,-0.039,0.017,0.43619,0.16244,0.108459994,APOLLOTYRE.NS,555.1500244,558.5,555.1500244,558.5,553.5,544.2999878,550.4000244,548.5985242,6.551500244,No,5476049,555.1500244,550.4000244,-4.75,-1.650024414
4,2,8,1,3,86400,2,1500.05,1504.75,1501,1600,1500.05,1504.75,1501,1600,13,0.1666,0.373,30.882353,24.471722,4685147,4685147,2030170,1561900,1561900,,,1.2719E+12,1132,1600,4.9982886,1497.887,1383.2574,1.16082E+12,0.16197,551092609,807553024,0.32836,0.36924,807768000,330.784,4.7614155,1711843200,1743379200,1711843200,0.786,41215500288,51,64.36,05:02,1145836800,4.562,18.452,0.27360332,0.17829525,13,1722556800,CIPLA LTD,Cipla Limited,820467900,19800000,1575,1780,1015,1463.09,1512.5,2.4,buy,32,56819798016,70.377,62910500864,5594100224,2.54466E+11,2.087,315.185,0.786,0.097,0.65341,0.24723,0.16893,CIPLA.NS,1582,1600,1582,1600,1595,1504.75,1575,1565.18,16.82,No,4685147,1582,1575,-7,13
6,3,5,1,2,86400,2,1665.8,1670.45,1665,1723.8,1665.8,1670.45,1665,1723.8,13.5,0.3133,0.519,42.87769,52.45563,4590841,4590841,2380802,1871693,1871693,,,4.11305E+12,1068.35,1723.8,8.48107,1527.465,1430.45,3.87304E+12,0.19746,1059690283,2399330048,0.54685,0.26863,2399330048,265.352,6.460287,1711843200,1743379200,1711843200,0.338,95763800064,39.98,32.68,02:01,1375056000,7.986,30.08,0.463089,0.17829525,5,1720742400,SUN PHARMACEUTICAL,Sun Pharmaceutical Industries Limited,820467900,19800000,1714.25,1000,546,829.22,852.5,1.9,buy,36,1.90901E+11,79.564,1.2876E+11,32736700416,4.84968E+11,4.878,202.126,0.338,0.096,0.76405996,0.26549998,0.21121,SUNPHARMA.NS,1681.300049,1723.8,1681.300049,1723.800049,1718.800049,1670.449951,1714.25,1669.449951,11.85009766,No,4590841,1681.300049,1714.25,32.94995117,37.5
,,,,,86400,2,218.4,219.35,219.25,262.08,218.4,219.35,219.25,262.08,1.25,0.047199998,0.845,16.199371,,4488254,4488254,427245,402750,402750,,,9099150336,105.5,262.08,1.1702543,198.9668,171.4597,8449093120,0.07211,15425847,35286500,0.56261003,,35326900,100.025,2.5750563,1711843200,1743379200,1711843200,0.467,560697984,15.9,,02:01,1359331200,1.087,8.16,0.83606553,0.17829525,1.25,1720742400,20 MICRONS LTD,20 Microns Limited,1223264700,19800000,257.57,110,110,110,110,2,buy,1,487467008,13.815,1035483008,1218547968,7775361024,34.413,220.349,0.467,0.225,0.46511,0.13317001,0.11205,20MICRONS.NS,234.6672629,262.08,234.6672629,262.0799866,257.0799866,219.3500061,257.5700073,231.3205903,3.346672629,No,4488254,234.6672629,257.5700073,22.9027444,22.41272364
,,,,,86400,2,503.4,508.45,507,532.25,503.4,508.45,507,532.25,1,0.1261,0.59,64.125786,37.875183,4118129,4118129,1705796,1744404,1744404,,,3.84878E+11,308.5,532.25,5.5836654,473.025,424.133,3.94526E+11,0.08688,471879041,754958016,0.35236,0.47687998,761835008,101.501,5.0226107,1711843200,1743379200,1711843200,0.348,5988800000,7.95,13.46,,,5.724,33.353,0.50156605,0.17829525,1,1721779200,FORTIS HLTH (INDIA,Fortis Healthcare Limited,1178682300,19800000,509.8,595,485,527.85,522,1.8,buy,13,6002954240,7.951,11828637696,11550172160,68929200128,13.499,91.302,0.345,0.087,0.36407003,0.17161,0.15619999,FORTIS.NS,514.7000122,532.25,514.7000122,532.25,527.25,508.4500122,509.7999878,508.5530121,6.147000122,No,4118129,514.7000122,509.7999878,-4.900024414,12.54998779
,,,,,86400,2,663.95,668.9,666.8,768.4,663.95,668.9,666.8,768.4,1.25,0.0756,0.789,43.424076,,4048814,4048814,521583,528548,528548,,,88239153152,406.95,768.4,3.758296,571.67,546.6522,74370400256,0.08349,74677323,122930000,0.46452,0.18831,124900000,85.863,8.359829,1711843200,1743379200,1711843200,-0.109,1960199936,16.53,,10:01,1686528000,3.168,27.347,0.27498806,0.17829525,1.25,1693353600,Ion Exchange (India) Ltd,Ion Exchange (India) Limited,1645501500,19800000,717.8,,,,,,none,,5884400128,49.636,2719500032,1524199936,23478499328,14.946,198.038,-0.109,0.207,0.37616003,0.115830004,0.1046,IONEXCHANG.NS,710,768.4,710,768.4000244,763.4000244,668.9000244,717.7999878,701.9,8.1,No,4048814,710,717.7999878,7.799987793,53.40002441
2,4,10,9,8,86400,2,701.7,702.8,701.6,731.45,701.7,702.8,701.6,731.45,0.6,0.1997,0.757,120.21559,,3800735,3800735,1972164,2494801,2494801,,,1.04528E+12,463.45,731.45,1.1362902,608.361,564.30524,1.01848E+12,0.00944,360108842,1441959936,0.23791,0.68724996,1457799936,78.483,9.236395,1711843200,1743379200,1719705600,0.088,8688131072,6.03,,,,1.107,82.384,0.2088896,0.17829525,0.6,1718236800,ICICI PRUDENTIAL L,ICICI Prudential Life Insurance Company Limited,1475120700,19800000,724.9,585,430,523.35,520,1.6,buy,24,2616600064,1.82,12362617856,12000000000,9.19903E+11,10.632,639.463,0.084,0.088,0.06413,0.01344,0.010650001,ICICIPRULI.NS,722.0653429,731.45,722.0653429,731.4500122,726.4500122,702.7999878,724.9000244,713.8446895,8.220653429,No,3800735,722.0653429,724.9000244,2.834681478,4.384669271
,,,,,86400,2,768.25,777.4,775.95,874,768.25,777.4,775.95,874,2,0.034,,28.715502,,3767695,3767695,701847,1515503,1515503,,,46801358848,246.5,874,5.8994985,579.566,469.72275,39386632192,0.19208,15052493,55530800,0.71049005,0.00071,57045100,153.863,5.4776,1711843200,1743379200,1711843200,0.337,1523831040,29.35,,,,4.965,19.322,1.7447302,0.17829525,1,1700784000,EMS Limited,EMS Limited,1695267900,19800000,842.8,,,,,,none,,1195176960,23.04,2038471040,706547008,7933108224,8.826,152.933,0.212,0.289,0.27629998,0.25696,0.26481,EMSLIMITED.NS,817.5,874,817.5,874,869,777.4000244,842.7999878,808.325,9.175,No,3767695,817.5,842.7999878,25.29998779,51.5
9,2,1,5,2,86400,2,1305.45,1298.5,1268.55,1313.9,1305.45,1298.5,1268.55,1313.9,9,0.2017,0.391,65.79889,81.79511,1533710,1533710,1162911,1239001,1239001,,,9.51375E+11,896.4,1334.85,8.403633,1208.053,1116.1425,9.10792E+11,0.12437,269005617,727350976,0.59509,0.2028,728771968,98.233,13.289322,1711843200,1743379200,1711843200,1.344,14080000000,19.84,15.96,05:01,1529020800,8.045,45.517,0.39916754,0.17829525,5,1720742400,UNITED SPIRITS,United Spirits Limited,1025495100,19800000,1305.45,900,480,702,704,2.4,buy,22,18680000512,26.354,20010000384,2649999872,1.1321E+11,3.721,159.443,1.345,0.112,0.46577,0.17674999,0.09378,MCDOWELL-N.NS,1417.300049,1334.85,1334.85,1450,1445,1374,1443.800049,1333.85,40.15,No,3367113,1374,1443.800049,69.80004883,71
7,7,6,5,7,86400,2,1695.4,1686.25,1686.25,1777.7,1695.4,1686.25,1686.25,1777.7,2.7,0.1331,0.667,86.08407,69.289665,2982219,2982219,1484764,1852528,1852528,,,1.75372E+12,1251.65,1777.7,1.2636739,1489.362,1452.6842,1.66395E+12,0.01464,417187573,1001580032,0.57934,0.27964002,1002280000,155.559,11.255857,1711843200,1743379200,1719705600,0.363,20322600960,20.34,25.27,,,1.199,,0.31451833,0.17829525,2.7,1710460800,SBI LIFE INSURANCE,SBI Life Insurance Company Limited,1507002300,19800000,1750.95,2450,1650,1806.7,1777,1.4,strong_buy,30,33150500864,33.117,,,1.38779E+12,,1386.177,0.363,0.243,0.05407,,0.01722,SBILIFE.NS,1701.349976,1777.7,1701.349976,1777.699951,1772.699951,1686.25,1750.949951,1685.25,16.09997559,No,2982219,1701.349976,1750.949951,49.59997559,71.34997559
,,,,,86400,2,1652.1,1666.1,1652.55,1693,1652.1,1666.1,1652.55,1693,2.5,0.18020001,0.625,100.45836,64.71054,2854582,2854582,2011775,1839273,1839273,,,2.17872E+12,795.5,1693,13.230907,1561.516,1350.6117,2.19797E+12,0.13142,460508778,1299449984,0.6291,0.19559999,,53.39,31.403822,1703980800,1735603200,1711843200,0.252,21641209856,16.69,25.91,03:02,1623283200,13.348,55.667,,,,,VARUN BEVERAGES,Varun Beverages Limited,1478576700,19800000,1676.65,1977,910,1590.59,1650,1.8,buy,17,4572369920,3.519,39484547072,54313099264,1.64669E+11,76.663,126.813,0.252,0.109,0.54814,0.23978001,0.18559,VBL.NS,1672,1693,1672,1693,1688,1666.099976,1676.650024,1665.099976,6.900024414,No,2854582,1672,1676.650024,4.650024414,16
,,,,,86400,2,687.05,691.75,691.7,769,687.05,691.75,691.7,769,34,0.89589995,1.08,20.044819,,2817658,2817658,153850,143751,143751,,,54419156992,327.25,769,1.9657046,646.459,617.3995,52733956096,0.09803,20843514,71518600,0.68797,0.00807,71575904,147.019,5.1714406,1711843200,1743379200,1711843200,0.336,2713999872,37.93,,05:01,1195776000,1.905,12.487,1.0174718,0.17829525,20,1708041600,BANCO PRODUCTS,Banco Products (India) Limited,1166759100,19800000,760.3,,,,,,none,,634600000,8.873,4223200000,4229700096,27684300800,40.225,387.111,0.335,0.188,0.42129,0.15255,0.11842,BANCOINDIA.NS,744.1500244,769,744.1500244,769,764,691.75,760.2999878,735.7085242,8.441500244,No,2817658,744.1500244,760.2999878,16.14996338,19.84997559
,,,,,86400,2,422.8,426,419.25,463,422.8,426,419.25,463,1,,1.002,46.035984,,2792095,2792095,435467,758230,758230,,,30790141952,295.05,463,2.3427427,354.578,348.1705,33721747456,0.0508,54118573,72687296,0.63405997,0.026080001,72936496,53.202,7.934852,1711843200,1743379200,1711843200,,667694016,9.17,,,,2.566,25.705,0.23589599,0.17829525,1,1721952000,EVEREADY INDUSTRIE,Eveready Industries India Limited,1025495100,19800000,422.15,,,,,,none,,75756000,1.042,1311889024,3065329920,13142775808,79.266,180.813,,-0.018,0.42678002,0.09982,0.064050004,EVEREADY.NS,460.1313896,463,460.1313896,463,458,426,422.1499939,454.5300757,5.601313896,Yes,2792095,460.1313896,454.5300757,-5.601313896,-2.131389577
,,,,,86400,2,259.93,260,255.8,271.9,259.93,260,255.8,271.9,,,1.4,14.727526,14.405789,2753702,2753702,2838067,2468093,2468093,,,74046308352,88.95,271.9,0.7556932,217.1956,173.0864,1.20363E+11,0.05134,128069969,280723008,0.55626,0.22455,280908000,79.069,3.335947,1711843200,1743379200,1711843200,5.734,5030794752,17.91,18.31,03:02,1531353600,1.228,5.346,1.646945,0.17829525,0.533333,1522108800,ASHOKA BUILDCON LT,Ashoka Buildcon Limited,1287027900,19800000,263.77,242,145,204.3,212,1.9,buy,10,9170471936,32.658,22515017728,54501281792,97984618496,224.785,349.027,5.735,0.242,0.30509,0.22978,0.18587999,ASHOKA.NS,263,271.9,263,271.8999939,266.8999939,260,263.769989,259.37,3.63,No,2753702,263,263.769989,0.769989014,3.899993896
3,5,8,7,6,86400,2,747.25,757.1,739.2,767.2,747.25,757.1,739.2,767.2,3.1,0.0256,1.813,9.340659,17.898924,2721037,2721037,1765906,2103279,2103279,,,4.1022E+12,392.95,767.2,0.9367293,661.454,592.4535,3.49916E+12,0.0717,2136168278,508503008,0.095970005,0.3796,5362350080,221.588,3.452353,1711843200,1743379200,1711843200,2.219,3.13991E+11,81.9,42.74,05:01,1315785600,0.799,7.208,0.8075714,0.17829525,3.1,1718064000,TATA MOTORS LTD.,Tata Motors Limited,1225856700,19800000,765,203,203,203,203,3,hold,1,5.92166E+11,154.522,4.85433E+11,1.12044E+12,4.37928E+12,117.15,1143.185,2.217,0.133,0.43827,0.11085,0.06937,TATAMTRDVR.NS,749.4000244,767.2,749.4000244,767.2000122,762.2000122,757.0999756,765,748.4000244,8.699951172,No,2721037,757.0999756,765,7.900024414,5.100036621
,,,,,86400,2,814.1,822.2,820.05,902,814.1,822.2,820.05,902,,,0.545,29.012182,30.382757,2536042,2536042,548322,2011870,2011870,,,25010550784,312.35,902,2.8652525,519.575,493.4605,28138840064,0.09876,12269160,28362900,0.54307,0.084580004,28385600,202.342,4.354509,1711843200,1743379200,1711843200,1.876,862081024,30.37,29,,,3.224,15.781,1.5881417,0.17829525,,,Antony Waste Hdg Cell Ltd,Antony Waste Handling Cell Limited,1609472700,19800000,881.1,500,500,500,500,2,buy,1,858574976,30.282,1783026944,4468519936,8728916992,62.2,307.812,1.867,0.035,0.64739996,0.20427,0.09403,AWHCL.NS,834.7999878,902,834.7999878,902,897,822.2000122,881.0999756,825.4519879,9.347999878,No,2536042,834.7999878,881.0999756,46.29998779,62.20001221
,,,,,86400,2,449.55,462.1,434.5,468.9,449.55,462.1,434.5,468.9,,,0.861,79.28187,54.518517,2059511,2059511,2028998,2080026,2080026,,,1.15109E+11,145.825,468.9,3.39599,319.1195,231.89392,1.19524E+11,0.05452,113666826,260258000,0.56323004,0.13340001,260664000,39.886,11.071553,1711843200,1743379200,1719705600,1.476,1847896960,5.57,8.1,10:01,1720569600,3.526,36.655,1.9640985,0.17829525,,,PG ELECTROPLAST LT,PG Electroplast Limited,1317008700,19800000,441.6,381,220.9,300.95,300.95,2,buy,2,1824151040,7.009,3260828928,4347604992,33895632896,41.881,132.953,1.148,0.949,0.19367,0.0962,0.0875,PGEL.NS,464,468.9,464,468.8999939,463.8999939,462.1000061,441.6000061,461.1000061,2.899993896,Yes,2059511,464,461.1000061,-2.899993896,-0.100006104
,,,,,86400,2,245.82,248,240,260,245.82,248,240,260,0.5,0.0598,2.431,29.82536,,1495828,1495828,1329809,1215250,1215250,,,30090600448,102.42,260,2.1759524,177.8418,142.07906,29696446464,0.067880005,50781952,120681000,0.55283,0.00186,124059000,41.035,6.0762763,1711843200,1743379200,1711843200,-0.324,938694976,8.36,,05:01,1711065600,2.147,20.325,0.52673745,0.17829525,0.1,1708387200,REFEX INDUSTRIES L,Refex Industries Limited,1259811900,19800000,249.34,,,,,,none,,330791008,2.916,1461096960,2145620992,13828703232,46.173,123.747,-0.344,-0.457,0.13958,0.10566,0.10836001,REFEX.NS,255,260,255,260,255,248,249.3399963,251.45,3.55,Yes,1495828,255,251.45,-3.55,0
,,,,,86400,,,,,,,,,,,,,,,,,,,,,,,,,,,,,,,,,,,,,,,,,,,,,,,,,,,,"MOS.NS,0P0001QQNM,24800",,1681789500,19800000,,,,,,,,,,,,,,,,,,,,,MOS.NS,213.3999939,0,213.3999939,224.8000031,219.8000031,200.8500061,216.8999939,210.265994,3.133999939,No,1400000,213.3999939,216.8999939,3.5,6.400009155
8,4,5,9,5,86400,2,1205.8,1212,1196.8,1215,1205.8,1212,1196.8,1215,3,0.1583,0.478,31.85552,,1347489,1347489,1687507,1331706,1331706,,,1.21356E+12,567.75,1215,6.208313,1101.188,880.3265,1.23068E+12,0.19744,249234097,1006230016,0.75132006,0.14441,,197.066,6.1200314,1711843200,1743379200,1711843200,2.986,38364999680,37.86,,,,6.296,23.409,,,,,ZYDUS LIFESCIENCES,Zydus Lifesciences Limited,956807100,19800000,1206.05,,,,,,none,,13575999488,13.492,52572000256,8218999808,1.95474E+11,3.719,193.17,2.99,0.186,0.67291,0.26895002,0.25659,ZYDUSLIFE.NS,1210,1215,1210,1215,1210,1212,1206.050049,1209,3,Yes,1347489,1212,1209,-3,-2
,,,,,86400,2,275.17,279.45,271.81,289.35,275.17,279.45,271.81,289.35,,,,,,1340539,1340539,1057235,1690830,1690830,,,15594277888,166.75,289.35,5.8981657,216.418,207.40582,10031903744,0.16539,12066963,,0.73182,0.045739997,54924900,73.593,3.8579757,1711843200,1743379200,1711843200,0.062,437289984,,,,,3.794,16.419,0.24398732,0.17829525,,,PLATINUM INDUSTRIE,Platinum Industries Limited,1709610300,19800000,283.92,,,,,,none,,2557230080,56.833,611009984,113130000,2643919872,3.322,63.787,-0.052,0.333,0.38705003,0.23110001,0.17849001,PLATIND.NS,288.230011,289.35,288.230011,289.3500061,284.3500061,279.4500122,283.9200134,284.3477109,3.88230011,Yes,1340539,288.230011,284.3477109,-3.88230011,-3.880004883
,,,,,86400,2,2449.3,2449.5,2438.75,2528.8,2449.3,2449.5,2438.75,2528.8,8,0.22540002,0.404,70.628,,1328160,1328160,1048036,613998,613998,,,1.19159E+12,1317,2528.8,3.0374458,2366.001,2074.4824,1.40552E+12,0.04299,228136832,475087008,0.50609,0.31013,,142.785,17.564869,1711843200,1743379200,1711843200,0.151,16863699968,35.51,,02:01,1283904000,3.583,26.715,,,,,TVS MOTOR CO,TVS Motor Company Limited,965187900,19800000,2508,,,,,,none,,25439000576,53.546,52612800512,2.60057E+11,3.923E+11,346.23,825.744,0.153,0.224,0.3728,0.13411,0.116280004,TVSMOTOR.NS,2519,2528.8,2519,2528.800049,2523.800049,2449.5,2508,2492.81,26.19,No,1328160,2519,2508,-11,4.800048828
,,,,,86400,2,550.9,548.45,547.05,566.65,550.9,548.45,547.05,566.65,1.5,0.089700006,0.359,33.61791,,1266919,1266919,1755969,1443634,1443634,,,1.36478E+11,287.7,566.65,3.0285587,478.036,425.45224,1.42861E+11,0.089940004,141732378,242368992,0.43633997,0.31219998,242530000,133.084,4.231162,1711843200,1743379200,1711843200,0.084,4053100032,16.75,,10:01,1427068800,3.17,16.849,0.714597,0.17829525,1.5,1722297600,GRANULES INDIA,Granules India Limited,1119239100,19800000,563.1,,,,,,none,,3811000064,15.724,8478640128,13150640128,45063671808,40.77,186.052,0.089,-0.017,0.52717996,0.18815,0.1758,GRANULES.NS,553.4000244,566.65,553.4000244,566.6500244,561.6500244,548.4500122,563.0999756,547.4500122,5.950012207,No,1266919,553.4000244,563.0999756,9.699951172,8.25
,,,,,86400,2,333.95,335.5,331.5,344.8,333.95,335.5,331.5,344.8,1,0.6329,0.972,,,1242646,1242646,669636,689037,689037,,,34719772672,188.65,344.8,1.641496,291.512,246.5435,42250612736,-0.020969998,53843865,102388000,0.45914,0.029089998,,111.948,3.029085,1711843200,1743379200,1719705600,-0.522,-443500000,-3.77,,10:01,1534204800,1.998,90.618,,,,,THIRUMALAI CHEM,Thirumalai Chemicals Limited,1025495100,19800000,339.1,,,,,,none,,4459200000,43.552,466249984,12517300224,21151299584,109.206,206.885,-0.519,0.061,0.17372999,0.02204,0.03042,TIRUMALCHM.NS,341,344.8,341,344.7999878,339.7999878,335.5,339.1000061,336.59,4.41,No,1242646,341,339.1000061,-1.899993896,-1.200012207
,,,,,86400,2,300.8,305.9,301.3,338,300.8,305.9,301.3,338,1,0.089099996,0.373,29.590017,,1194428,1194428,65634,186125,186125,,,8433662976,182.6,338,1.4475305,283.141,251.7265,8571338752,0.05998,6395437,25402600,,,26990800,113.739,2.9189637,1711843200,1743379200,1719705600,0.412,349470016,11.22,,03:02,1577664000,1.471,16.458,0.46946752,0.17829525,1,1692316800,MMP Industries Limited,MMP Industries Limited,1524714300,19800000,332,,,,,,none,,3916000,0.154,520799264,932236992,5826242048,32.258,229.413,0.411,0.027,0.23606001,0.08939,0.09797,MMP.NS,332.8999939,338,332.8999939,338,333,305.8999939,332,328.570994,4.328999939,No,1194428,332.8999939,332,-0.899993896,0.100006104
,,,,,86400,2,297.1,305,298.2,313.9,297.1,305,298.2,313.9,2,,,35.073444,,1106861,1106861,170893,345493,345493,,,15673399296,227.65,313.9,4.7278013,271.382,272.71362,13549408256,0.11983,17089629,50477200,0.69606,0.1393,50494200,47.813,6.491958,1711843200,1743379200,1711843200,0.27,397248000,8.85,,,,4.087,19.244,0.13137853,0.17829525,2,1723161600,R K SWAMY LTD,,1710215100,19800000,310.4,,,,,,none,,1775101056,35.166,704091008,327673984,3315155968,13.577,73.939,0.259,0.43,0.34373,0.21239,0.29977,RKSWAMY.NS,312,313.9,312,313.8999939,308.8999939,305,310.3999939,307.88,4.12,No,1106861,312,310.3999939,-1.600006104,-3.100006104
,,,,,86400,2,177.37,180.9,175,186.99,177.37,180.9,175,186.99,1.75,0.1384,0.604,16.339483,,955205,955205,230821,525843,525843,,,10422874112,93.1,186.99,1.7281101,142.4716,140.9989,9707821056,0.105749995,17070164,58846400,,,58846400,41.896,4.227611,1711843200,1743379200,1711843200,0.153,637841024,10.84,,,,1.61,9.924,0.7346699,0.17829525,1,1721260800,KOTHARI PETROCHEM,Kothari Petrochemicals Limited,1025495100,19800000,177.12,,,,,,none,,729764992,12.401,978225024,,6031371776,,102.493,0.152,0.227,0.28112,0.16219,0.15694,KOTHARIPET.NS,185.6999969,186.99,185.6999969,186.9900055,181.9900055,180.8999939,177.1199951,182.842997,2.856999969,Yes,955205,185.6999969,182.842997,-2.856999969,-3.709991455
,,,,,86400,2,912.45,920,915.2,956.7,912.45,920,915.2,956.7,,,1.419,78.88275,,857800,857800,376549,458252,458252,,,2.37542E+11,486.05,956.7,22.593925,738.509,672.42175,2.24716E+11,0.28561002,95800430,254564992,0.10033,0.21505,255848000,80.556,11.525523,1711843200,1743379200,1711843200,-0.569,3002804992,11.77,,02:01,1600992000,21.374,55.306,0.845757,0.17829525,5,1662681600,Suven Pharmaceuticals Ltd,Suven Pharmaceuticals Limited,1583725500,19800000,928.45,,,,,,none,,8211267072,32.256,4063153920,649964032,10513537024,3.17,41.3,-0.569,-0.315,0.57168996,0.38647,0.24364,SUVENPHAR.NS,922.9000244,956.7,922.9000244,956.7000122,951.7000122,920,928.4500122,919,3.900024414,No,857800,922.9000244,928.4500122,5.549987793,28.79998779
,,,,,86400,2,233.95,233.2,233.2,259.65,233.95,233.2,233.2,259.65,,,0.869,107.467255,,821494,821494,283768,938910,938910,,,,118.55,259.65,,188.725,176.03175,34685300736,0.05593,24046529,,0.40249002,0.01265,,33.001,7.4573503,1711843200,1743379200,1711843200,0.338,491406016,2.29,,10:01,1632355200,3.948,27.838,0.8385068,0.17829525,0.45,1720137600,ARTEMIS MEDICARE,Artemis Medicare Services Limited,1579837500,19800000,246.1,,,,,,none,,612051968,4.47,1245955968,3202587904,8785742848,70.436,64.71,0.335,0.153,0.20211,0.14182,0.124239996,ARTEMISMED.NS,249,259.65,249,259.6499939,254.6499939,233.1999969,246.1000061,245.51,3.49,No,821494,249,246.1000061,-2.899993896,5.649993896
,,,,,86400,2,140.82,141.25,139.66,147.86,140.82,141.25,139.66,147.86,,,1.592,,7.6413436,808719,808719,394116,415532,415532,,,32331364352,60.75,147.86,276.50424,109.4708,99.91395,28317562880,,58934422,218074000,0.71765,0.04147,218662000,12.383,11.940563,1711843200,1743379200,1711843200,,-1050763008,-4.82,19.35,10:05,1174608000,242.177,-22.036,1.176507,0.17829525,1.381944,1550102400,SUVEN LIFE SCIENCE,Suven Life Sciences Limited,1066967100,19800000,147.86,,,,,1,strong_buy,,2398674944,10.999,-1285037952,7097000,116929000,0.263,0.536,,-0.106,0.9295,,-13.24078,SUVEN.NS,144.8000031,147.86,144.8000031,147.8600006,142.8600006,141.25,147.8600006,142.352003,2.448000031,No,808719,144.8000031,147.8600006,3.059997559,-1.940002441
10,3,8,9,8,86400,2,1960.5,1958,1952.2,1980.05,1960.5,1958,1952.2,1980.05,12,0.2587,0.63,46.245888,33.412025,796851,796851,895873,899248,899248,,1967.3,9.71248E+11,1266,1980.05,4.5411572,1752.463,1597.545,9.65476E+11,0.09859,222049463,493444000,0.02645,0.79980004,493696000,278.656,7.0599594,1711843200,1743379200,1719705600,0.487,21086013440,42.54,58.88,,,4.514,34.065,0.42711556,0.17829525,6,1717718400,ICICI LOMBARD GEN,ICICI Lombard General Insurance Company Limited,1506483900,19800000,1967.3,2205,1260,1925.35,2000,2.4,buy,23,1231800064,2.498,28342390784,,2.13877E+11,,434.577,0.471,0.19,0.25410998,0.13252,0.13709,ICICIGI.NS,1965,1980.05,1965,1980.050049,1975.050049,1958,1967.300049,1957,8,No,796851,1965,1967.300049,2.300048828,10.05004883
,,,,,86400,2,258.44,260.4,257.31,275.8,258.44,260.4,257.31,275.8,,,,27.534931,,755071,755071,206945,158722,158722,,,10373886976,171.35,275.8,1.5537097,238.8578,230.97542,6875438592,0.04621,8403187,39186100,0.76949,0.03,39286100,121.786,2.1682293,1711843200,1743379200,1711843200,0.29,308560000,9.59,,,,1.03,15.174,0.39848483,0.17829525,,,J.G.CHEMICALS LTD,,1710301500,19800000,264.06,,,,,,none,,1787680000,54.648,453100000,137760000,6676850176,3.397,207.732,0.252,0.009,0.17681,0.06786,0.08712,JGCHEM.NS,274.5,275.8,274.5,275.7999878,270.7999878,260.3999939,264.0599976,270.755,3.745,Yes,755071,274.5,270.755,-3.745,-3.700012207
6,7,9,1,8,86400,2,1424.6,1423,1420.1,1454.2,1424.6,1423,1420.1,1454.2,2.5,0.27719998,0.914,,33.86064,703533,703533,928905,875474,875474,1438.4,,4.05899E+11,722.1,1454.2,3.4360104,1245.237,980.7618,3.9774E+11,-0.12712,138159103,282188000,0.50966,0.24745001,282228000,278.093,5.172371,1711843200,1743379200,1711843200,,-18989959168,-67.24,42.48,02:01,1189382400,3.367,31.967,0.7835368,0.17829525,2.5,1694995200,GLENMARK PHARM,Glenmark Pharmaceuticals Limited,1025495100,19800000,1438.4,795,540,646.77,627.5,2.5,buy,22,16594560000,58.803,12442349568,12309300224,1.18131E+11,15.686,418.663,,-0.092,0.6264,0.10533,0.11525,GLENMARK.NS,1451,1454.2,1451,1454.199951,1449.199951,1423,1438.400024,1435.49,15.51,No,703533,1451,1438.400024,-12.59997559,-1.800048828
4,10,10,7,10,86400,2,2797.55,2824.95,2808.5,2877.75,2797.55,2824.95,2808.5,2877.75,10,0.117,0.558,33.430923,36.687744,701213,701213,1000189,1208894,1208894,,,1.92898E+12,1751.0873,2877.75,1.4727436,2571.368,2246.2046,3.57035E+12,0.042940002,376107555,656358016,0.49308997,0.24072,678428992,1306.73,2.1758895,1711843200,1743379200,1711843200,0.001,56244899840,85.05,77.5,05:01,1475712000,2.726,13.368,0.5400119,0.17829525,10,1722902400,GRASIM INDUSTRIES,Grasim Industries Limited,1025495100,19800000,2843.3,3000,2365,2727.75,2762.5,2.1,buy,8,2.21221E+11,326.078,2.67087E+11,1.39077E+12,1.30978E+12,100.1,1986.179,-0.008,0.127,0.58447,0.20392,0.17417,GRASIM.NS,2852.949951,2877.75,2852.949951,2877.75,2872.75,2824.949951,2843.300049,2823.949951,29,No,701213,2852.949951,2843.300049,-9.649902344,19.80004883
,,,,,86400,2,1323.8,1334.7,1312,1349,1323.8,1334.7,1312,1349,5,0.1228,0.539,17.263615,32.339474,631784,631784,982349,1400404,1400404,,,2.39095E+11,724.2,1349,5.7935634,1146.425,953.2667,2.22411E+11,0.3364,80377634,179110000,0.51418,0.16233,179220000,326.671,4.0856094,1711843200,1743379200,1711843200,0.401,13882999808,77.31,41.27,05:01,1448496000,5.389,11.834,0.60033846,0.17829525,1.25,1708905600,NATCO PHARMA LTD,NATCO Pharma Limited,820467900,19800000,1334.65,1310,813,1048.43,1042.5,2.7,hold,14,18492000256,103.207,18794999808,3712000000,41268998144,6.342,229.903,0.427,0.188,0.82636,0.45543,0.41355,NATCOPHARM.NS,1339.800049,1349,1339.800049,1349,1344,1334.699951,1334.650024,1333.699951,6.100097656,No,631784,1339.800049,1334.650024,-5.150024414,4.199951172
,,,,,86400,2,1174.75,1191,1141.15,1210,1174.75,1191,1141.15,1210,7.5,0.1342,0.565,20.565094,,582206,582206,246118,793248,793248,,,35655749632,605,1210,1.0824552,894.715,823.746,48484188160,0.05252,10327359,30961500,0.66539,0.01084,31005000,662.293,1.7363915,1711843200,1743379200,1711843200,0.767,1729900032,55.92,,,,1.472,12.05,0.92534626,0.17829525,7.5,1693872000,INDIA GLYCOL,India Glycols Limited,1029123900,19800000,1150,,,,,,none,,1378300032,44.507,4023600128,13482300416,32939700224,65.735,1063.842,0.788,0.495,0.24794,0.122150004,0.0848,INDIAGLYCO.NS,1205.949951,1210,1205.949951,1210,1205,1191,1150,1192.890452,13.05949951,Yes,582206,1205.949951,1192.890452,-13.05949951,-0.949951172
,,,,,86400,2,909.55,914.95,901.65,964,909.55,914.95,901.65,964,1.5,0.0691,0.583,43.594757,37.789074,581595,581595,135951,118391,118391,,,26060566528,294.1,964,1.5103364,883.998,718.10126,28922189824,0.03461,9931749,27497300,0.53424,0.0911,27500300,295.162,3.2109487,1711843200,1743379200,1711843200,0.107,597166016,21.74,25.08,,,1.676,14.472,2.0780034,0.17829525,1.5,1721347200,MANGALAM CEMENT,Mangalam Cement Limited,1025495100,19800000,947.75,420,275,352,370,2.2,buy,5,2162761984,78.654,1998509952,6074784768,17254809600,74.848,627.509,0.107,-0.048,0.84916997,0.11582,0.06125,MANGLMCEM.NS,948.9000244,964,948.9000244,964,959,914.9500122,947.75,938.4110242,10.48900024,No,581595,948.9000244,947.75,-1.150024414,10.09997559
,,,,,86400,2,1459.5,1467,1465,1532.45,1459.5,1467,1465,1532.45,0.2,0.012999999,1.123,100.02937,,550701,550701,551844,505840,505840,,,1.28125E+11,579.85,1532.45,29.1291,1166.256,922.3975,1.20334E+11,0.29073998,34724554,83607904,0.58682,0.03891,,53.768,28.501152,1711843200,1743379200,1711843200,0.73,1278845952,15.32,,,,27.358,66.554,,,,,ZEN TECHNOLOGIES,Zen Technologies Limited,1427687100,19800000,1532.45,,,,,,none,,1681643008,20.154,1808049024,60338000,4398519808,1.294,53.134,0.726,0.475,0.70742995,0.41105998,0.33591,ZENTEC.NS,1486.349976,1532.45,1486.349976,1532.449951,1527.449951,1467,1532.449951,1470.486476,15.86349976,No,550701,1486.349976,1532.449951,46.09997559,41.09997559
,,,,,86400,2,890.25,899.95,899.95,983.6,890.25,899.95,899.95,983.6,11.25,0.2809,0.031,24.299799,48.454456,538973,538973,190317,445966,445966,,,44435558400,305.5,983.6,1.2931782,701.785,638.20123,41200898048,0.05088,8509247,45642400,0.75473,0.031770002,45647500,184.021,5.2898855,1711843200,1743379200,1711843200,-0.087,1748338048,40.06,20.09,02:01,1704412800,1.199,12.883,1.8549666,0.17829525,6.25,1700611200,PEARL GLOBAL INDUS,Pearl Global Industries Limited,1171511100,19800000,973.45,,,,,,none,,3659024896,83.954,3198076928,5905373184,34361511936,72.241,791.305,-0.094,0.202,0.49892,0.09307,0.11375,PGIL.NS,904,983.6,904,983.5999756,978.5999756,899.9500122,973.4500122,898.9500122,5.049987793,No,538973,904,973.4500122,69.45001221,74.59997559
,,,,,86400,2,1200.95,1186.1,1185.45,1224.9,1200.95,1186.1,1185.45,1224.9,11,0.25530002,0.681,38.81142,27.51923,477395,477395,363522,1382813,1382813,,,2.39089E+11,707.15,1224.9,3.8385553,956.201,907.06573,2.39992E+11,0.09887,58265241,196563008,0.70712996,0.1461,196690000,245.122,4.962223,1711843200,1743379200,1711843200,0.168,6158199808,31.34,44.2,,,3.853,26.255,0.54522645,0.17829525,11,1721001600,ALEMBIC PHARMACEUT,Alembic Pharmaceuticals Limited,1316490300,19800000,1216.35,1229,720,930.93,922.5,3,hold,14,1202099968,6.116,9140799488,5131599872,62286299136,10.65,316.877,0.169,0.079,0.71162003,0.14675,0.12567,APLLTD.NS,1218,1224.9,1218,1224.900024,1219.900024,1186.099976,1216.349976,1204.82,13.18,No,477395,1218,1216.349976,-1.650024414,1.900024414
,,,,,86400,2,845,851,845.65,898,845,851,845.65,898,4,0.0923,0.749,13.678054,,463891,463891,475597,541074,541074,,,1.28966E+11,350,898,3.3777323,668.66,515.938,1.3314E+11,0.24716999,69471283,145100992,0.51804,0.03973,145127008,476.137,1.8666897,1711843200,1743379200,1711843200,-0.164,9429689344,64.98,,02:01,1472688000,3.487,7.756,1.311269,0.17829525,4,1722470400,NAVA LIMITED,Nava Limited,1025495100,19800000,888.8,,,,,,none,,7725051904,53.239,17166172160,4136558080,38181167104,4.971,263.136,-0.164,0.048,0.5427,0.44959998,0.32871,NAVA.NS,868.75,898,868.75,898,893,851,888.7999878,859.0625,9.6875,No,463891,868.75,888.7999878,20.04998779,24.25
,,,,,86400,2,603.8,609.5,600.1,657.6,603.8,609.5,600.1,657.6,2.5,0.1365,1.013,35.346996,19.182976,443296,443296,187871,235834,235834,,,38953693184,345.3,657.6,1.1062908,558.558,500.75876,43286814720,0.03118,17813307,60190700,0.69074,0.16337,60220600,168.942,3.8288286,1711843200,1743379200,1711843200,0.474,1097776000,18.3,33.72,,,1.229,12.709,0.66473675,0.17829525,2.5,1694649600,SANDHAR TECHNOLOGI,Sandhar Technologies Limited,1522640700,19800000,646.85,698,691,694.5,694.5,1,strong_buy,2,456576000,7.588,3406091008,7410334208,35211079680,72.894,587.613,0.45,0.2,0.38972,0.09673,0.06093,SANDHAR.NS,628.9000244,657.6,628.9000244,657.5999756,652.5999756,609.5,646.8499756,621.6110242,7.289000244,No,443296,628.9000244,646.8499756,17.94995117,23.69995117
,,,,,86400,2,609.05,610,610,626.9,609.05,610,610,626.9,8.5,0.5809,0.524,55.209637,,427216,427216,407607,665926,665926,,,79115231232,280.15,626.9,30.09645,468.595,428.51926,76720349184,0.54638,42701841,127832000,0.66774005,0.11256,,13.977,44.27989,1711843200,1743379200,1719705600,0.607,1436283008,11.21,,,,29.185,42.643,,,,,TIPS INDUSTRIES,Tips Industries Limited,1025495100,19800000,618.9,,,,,,none,,1547926016,12.053,1799128704,50062000,2628722944,2.789,20.481,0.611,0.405,0.95413,0.68441004,0.72814006,TIPSINDLTD.NS,624.9000244,626.9,624.9000244,626.9000244,621.9000244,610,618.9000244,617.6510242,7.249000244,No,427216,624.9000244,618.9000244,-6,-3
,,,,,86400,2,467.9,468.7,463.6,529,467.9,468.7,463.6,529,2.5,0.0884,0.644,18.473106,,380573,380573,89759,34745,34745,,,11726652416,288.3,529,7.0394454,446.306,432.9225,15079037952,0.38035,5467394,22455500,0.64356005,0.00865,23269100,208.346,2.5056877,1711843200,1743379200,1711843200,0.561,633611008,28.26,,,,9.052,11.647,0.4101869,0.17829525,2.5,1694736000,CSL Finance Limited,CSL Finance Limited,1658375100,19800000,522.05,,,,,,none,,633902976,27.815,1294712960,5049356800,1665848960,106.341,75.193,0.454,0.392,0.96753,0.77721,0.78528,CSLFINANCE.NS,517.7000122,529,517.7000122,529,524,468.7000122,522.0499878,511.5230121,6.177000122,No,380573,517.7000122,522.0499878,4.349975586,6.299987793
,,,,,86400,2,435.35,457.1,440.1,457.1,435.35,457.1,440.1,457.1,,,0.189,55.07946,,374776,374776,675843,350845,350845,,,75804581888,176.65,457.1,1.2067757,309.7688,269.8782,78045937664,0.02192,32138255,168075008,0.78258,0.04659,168248992,28.622,15.741387,1711843200,1743379200,1711843200,0.771,1376700032,8.18,,05:01,1652400000,1.242,18.312,1.1498766,0.17829525,0.5,1342396800,BLACK BOX LIMITED,Black Box Limited,1025495100,19800000,450.55,,,,,,none,,2226500096,13.251,4262000128,7122500096,62815801344,148.102,374.148,0.765,-0.12,0.13551,0.06785,0.0647,BBOX.NS,435.3500061,457.1,435.3500061,457.1000061,452.1000061,457.1000061,450.5499878,434.3500061,22.75,No,374776,457.1000061,450.5499878,-6.550018311,-5
,,,,,86400,2,201.78,207,197.03,211.86,201.78,207,197.03,211.86,,,0.494,12.543517,,364689,364689,149842,272846,272846,,,6955342848,49,211.86,1.2082595,162.8962,139.70555,7707554816,0.09721,15058426,32745500,0.53756,0.023510002,,8.54,24.807962,1711843200,1743379200,1711843200,32.12,559563008,16.89,,,,1.339,11.01,,,,,WANBURY LTD,Wanbury Limited,1170042300,19800000,211.86,,,,,,none,,58971000,1.802,700022016,1164845952,5756497920,416.889,175.916,31.516,0.048,0.47428,0.12161,0.10677,WANBURY.NS,202.2899933,211.86,202.2899933,211.8600006,206.8600006,207,211.8600006,201.2899933,5.710006714,No,364689,207,211.8600006,4.86000061,-0.13999939
,,,,,86400,2,791.15,730,720.3,833,791.15,730,720.3,833,7,0.3545,0.934,48.776207,,4230498,4230498,2079915,1101857,1101857,,,2.77694E+11,280,887.65,3.9411979,665.943,441.95325,2.85781E+11,0.080790006,127451553,351000000,0.65215,0.16046,351497984,110.904,7.1336474,1711843200,1743379200,1711843200,0.394,5692100096,16.22,,10:01,1442361600,4.056,30.971,1.4987609,0.17829525,2,1719360000,AEGIS LOGISTICS,Aegis Logistics Limited,1025495100,19800000,791.15,,,,,,none,,19686199296,56.063,9227499520,26654300160,70459203584,59.738,200.778,0.394,-0.147,0.18121,0.13096,0.14882,AEGISCHEM.NS,970,887.65,887.65,896.5999756,891.5999756,879.9500122,885.2999878,878.9500122,8.699987793,No,353395,887.65,885.2999878,-2.350012207,3.949975586
,,,,,86400,2,382.85,421.1,405,421.1,382.85,421.1,405,421.1,1,0.0936,1.006,39.428837,,343588,343588,217947,314830,314830,,,10629321728,119,421.1,2.7570672,313.294,255.192,8391882752,0.07084,6332585,25225300,0.76945996,,25241800,87.934,4.788819,1711843200,1743379200,1711843200,0.198,273100000,10.68,,,,2.177,28.265,1.8774896,0.17829525,1,1722556800,MINDTECK(INDIA),Mindteck (India) Limited,1470109500,19800000,421.1,,,,,,none,,1248300032,49.689,296900000,22100000,3855300096,1,154.873,0.172,0.103,0.15781,0.077010006,0.0715,MINDTECK.NS,411,421.1,411,421.1000061,416.1000061,421.1000061,421.1000061,410,11.1000061,No,343588,421.1000061,421.1000061,0,-5
,,,,,86400,,,,,,,,,,,,,,,,,,,,,,,,,,,,,,,,,,,,,,,,,,,,,,,,,,,,"MADHUSUDAN.NS,0P0001RM7U,32000",,1695699900,19800000,,,,,,,,,,,,,,,,,,,,,MADHUSUDAN.NS,194.6499939,0,194.6499939,200,195,174.6999969,195.9499969,191.703494,2.946499939,No,322000,194.6499939,195.9499969,1.300003052,0.350006104
,,,,,86400,2,530.65,532,522.75,567.9,530.65,532,522.75,567.9,,,,31.534988,,314133,314133,202937,199437,199437,,,28034770944,260,567.9,2.0311782,464.394,369.292,25627586560,0.05924,728119,50146000,0.85660005,0.00113,50169600,185.624,3.0103867,1711843200,1743379200,1711843200,-0.072,817620992,17.72,,,,1.857,16.645,0.98857033,0.17829525,,,Abans Holdings Limited,Abans Holdings Limited,1671767100,19800000,558.8,,,,,,none,,11094093824,221.236,1539655040,9293558784,13802220544,91.775,275.241,-0.097,-0.559,0.16832,0.111549996,0.15435,AHL.NS,562.4500122,567.9,562.4500122,567.9000244,562.9000244,532,558.7999878,555.8255121,6.624500122,No,314133,562.4500122,558.7999878,-3.650024414,0.450012207
,,,,,86400,2,787.9,795,776.35,826,787.9,795,776.35,826,2.5,0.1815,0.431,88.60927,48.303246,296702,296702,113243,141315,141315,,,36496891904,309,826,10.697342,683.43,563.8032,36481720320,0.12184,17080623,45462000,0.62472,0.13302,45616500,109.069,7.360478,1711843200,1743379200,1711843200,0.666,415705984,9.06,16.62,,,10.693,32.996,1.2784846,0.17829525,1,1721260800,ARVIND SMARTSPACES,Arvind SmartSpaces Limited,1440560700,19800000,802.8,,,,,2,buy,,1663106944,36.678,1105636992,1102214016,3411771904,17.602,75.295,0.664,0.266,0.72963,0.32407,0.25931,ARVSMART.NS,791,826,791,826,821,795,802.7999878,790,5,No,296702,795,802.7999878,7.799987793,26
,,,,,86400,2,2254.4,2300,2240,2381,2254.4,2300,2240,2381,1,0.023599999,-0.97,48.020702,,294212,294212,94354,77942,77942,,,46143217664,1203,2381,5.752098,2119.688,1736.7648,47129477120,0.10718001,7598545,20296100,0.57608,0.14395,,200.136,11.358776,1711843200,1743379200,1711843200,0.865,859790016,47.34,,,,5.875,32.211,,,,,Venus Pipes & Tubes Ltd,Venus Pipes and Tubes Limited,1653363900,19800000,2273.3,,,,,,none,,107580000,5.302,1463160064,1493200000,8021980160,36.77,395.226,0.797,0.27,0.28285,0.18239,0.18382,VENUSPIPES.NS,2296,2381,2296,2381,2376,2300,2273.300049,2295,5,Yes,294212,2300,2295,-5,76
,,,,,86400,2,248.65,252,244,259.9,248.65,252,244,259.9,0.5,0.105900005,0.61,52.434326,,285539,285539,69742,90984,90984,,,22779002880,142,259.9,5.966826,216.0046,206.1694,23744530432,0.11401,20893107,92040096,0.77655,2.00E-05,,41.033,6.031487,1711843200,1743379200,1711843200,-0.21,435238016,4.72,,,,6.22,46.512,,,,,THEMIS MEDICARE LT,Themis Medicare Limited,1175485500,19800000,247.49,,,,,,none,,99250000,1.078,510497984,958017024,3817607936,25.367,41.478,-0.208,0.221,0.63624,0.13372,0.0638,THEMISMED.NS,258.834668,259.9,258.834668,259.8999939,254.8999939,252,247.4900055,255.2463213,3.58834668,Yes,285539,258.834668,255.2463213,-3.58834668,-3.934674078
,,,,,86400,2,1741.45,1732.85,1716.8,1865,1741.45,1732.85,1716.8,1865,,,1.078,148.90372,31.514553,245980,245980,88469,50630,50630,,,74572824576,818,1865,1.6803857,1530.608,1285.9532,69182054400,0.01135,9382532,40518800,0.78663003,0.065570004,40521200,177.105,10.391858,1711843200,1743379200,1711843200,,503600000,12.36,58.4,,,1.559,39.011,1.0218856,0.17829525,,,IFB INDUSTRIES LTD,IFB Industries Limited,1025495100,19800000,1840.45,1665,875,1431.75,1593.5,2,buy,4,3020800000,74.553,1773400064,1641400064,44378398720,22.873,1095.255,,0.079,0.40026,0.03996,0.01391,IFBIND.NS,1765,1865,1765,1865,1860,1732.849976,1840.449951,1746.35,18.65,No,245980,1765,1840.449951,75.44995117,95
,,,,,86400,2,1671.95,1700.1,1660,1722,1671.95,1700.1,1660,1722,6,0.2383,0.688,66.85347,36.937637,211198,211198,370471,180127,180127,,,1.9632E+11,432,1722,13.067273,1400.569,927.11127,1.67149E+11,0.17869,39743704,116300000,0.57004,0.27708998,116382000,201.006,8.398008,1711843200,1743379200,1711843200,0.275,2710270976,25.25,45.7,02:01,1473120000,11.126,79.995,2.4086647,0.17829525,6,1694736000,TECHNO ELECTRIC &,Techno Electric & Engineering Company Limited,1175485500,19800000,1688.05,1766,715,1341.5,1442.5,1.3,strong_buy,4,12785192960,118.8,2089480960,,15023808512,,139.602,0.274,0.405,0.22591999,0.13908,0.11923,TECHNOE.NS,1684.449951,1722,1684.449951,1722,1717,1700.099976,1688.050049,1683.449951,16.65002441,No,211198,1700.099976,1688.050049,-12.04992676,16.90002441
,,,,,86400,2,276.52,278.1,278,285,276.52,278.1,278,285,0.3,0.0509,1.258,47.49915,,187815,187815,372562,388980,388980,,,23702784000,111.85,285,3.3418872,225.6672,169.02805,25867194368,0.070250005,23275829,84652000,0.72388,0.02132,84722400,63.32,4.418351,1711843200,1743379200,1711843200,3.922,498260000,5.89,,10:01,1450310400,3.647,22.181,1.372544,0.17829525,0.3,1695340800,SMS PHARMACEUTICAL,SMS Pharmaceuticals Limited,1172634300,19800000,279.77,,,,,2,buy,,362024992,4.274,1166195968,2807705088,7092634112,52.35,83.843,3.95,0.645,0.29827,0.16442,0.10456,SMSPHARMA.NS,282.7999878,285,282.7999878,285,280,278.1000061,279.769989,278.9719879,3.827999878,No,187815,282.7999878,279.769989,-3.029998779,-2.799987793
,,,,,86400,2,762.05,762.05,758.15,818,762.05,762.05,758.15,818,2,0.0357,0.288,28.584198,,164640,164640,156866,163530,163530,,,14462874624,398,818,1.9035038,648.746,533.6138,14501999616,0.06663,4725722,18079200,0.61881,2.00E-05,18089900,233.888,3.4183028,1711843200,1743379200,1711843200,0.25,506230016,27.97,,,,1.909,19.16,0.6082094,0.17829525,2,1721952000,Asso Alcohols & Brew Ltd,Associated Alcohols & Breweries Limited,1581479100,19800000,799.5,,,,,,none,,355192992,19.646,756870016,1079938048,7598027776,25.539,420.268,0.251,0.311,0.33128,0.09961,0.05836,ASALCBR.NS,785.3833498,818,785.3833498,818,813,762.0499878,799.5,776.5295164,8.853833498,No,164640,785.3833498,799.5,14.11665015,27.61665015
,,,,,86400,2,1069.95,1073.95,1057.65,1098.65,1069.95,1073.95,1057.65,1098.65,,,0.36,37.30021,25.992737,161413,161413,213197,349624,349624,,,1.46077E+11,766.15,1098.65,7.335755,989.465,910.4028,1.65617E+11,0.19685,46198709,136075008,0.72373,0.17996,136179008,190.236,5.642991,1711843200,1743379200,1711843200,0.085,3919830016,28.78,41.3,,,8.317,24.542,0.3800465,0.17829525,7.35,1660176000,ERIS LIFESCIENCES,Eris Lifesciences Limited,1498794300,19800000,1073.5,1270,930,1080.7,1075,1.5,strong_buy,10,14006320128,103.031,6748299776,27812689920,19912949760,86.32,146.407,0.087,0.38,0.80915,0.33889,0.17273001,ERIS.NS,1090,1098.65,1090,1098.650024,1093.650024,1073.949951,1073.5,1078.1,11.9,Yes,161413,1090,1078.1,-11.9,3.650024414
,,,,,86400,2,626.7,634.45,602.1,636,626.7,634.45,602.1,636,,,,32.64186,,111941,111941,114841,264533,264533,,,34892881920,421.35,636,3.2269232,507.792,503.38245,37472980992,0.08725,14690212,57224900,0.72554,0.20761,57224900,145.198,4.199438,1711843200,1743379200,1711843200,0.665,943449984,18.68,,,,3.466,24.208,0.1575545,0.17829525,,,Innova Captab Limited,Innova Captab Limited,1703821500,19800000,609.75,,,,,,none,,840920000,14.695,1547970048,2451040000,10813049856,29.499,213.849,0.396,0.09,0.32039002,0.14316,0.13956,INNOVACAP.NS,635,636,635,636,631,634.4500122,609.75,633.4500122,1.549987793,Yes,111941,635,633.4500122,-1.549987793,-4
,,,,,86400,2,1577.25,1577.7,1567.95,1620,1577.25,1577.7,1567.95,1620,2,0.0212,0.726,33.564896,,108959,108959,111869,171231,171231,,,40120725504,607,1620,5.5013313,1245.609,1078.7703,42013802496,0.16414,5877752,25425000,0.73494005,0.079380006,25432300,358.476,4.400713,1711843200,1743379200,1711843200,,1197059968,47,,,,5.761,17.281,1.208415,0.17829525,1,1692921600,SEAMEC LTD,Seamec Limited,1025495100,19800000,1577.55,,,,,,none,,1365187968,53.695,2431154944,3267513088,7292912128,35.812,286.84,,0.879,0.41588002,0.33336,0.2331,SEAMECLTD.NS,1610,1620,1610,1620,1615,1577.699951,1577.550049,1592.9,17.1,Yes,108959,1610,1592.9,-17.1,5
,,,,,86400,2,238.33,242.95,236.66,257,238.33,242.95,236.66,257,,,0.233,34.641666,,88655,88655,37100,194167,194167,,,4504924160,116,257,0.7725934,192.702,173.3915,7084693504,0.0223,3982469,18048700,0.76868,,18061600,71.615,3.48279,1711843200,1743379200,1711843200,-0.161,130033000,7.2,,,,1.215,14.599,0.8055303,0.17829525,,,Manomay Tex India Ltd,Manomay Tex India Limited,1674013500,19800000,249.42,,,,,,none,,207187008,11.502,485292992,2998868992,5830912000,232.473,322.861,-0.307,0.098,0.35952,0.083229996,0.06183,MANOMAY.NS,255.4600067,257,255.4600067,257,252,242.9499969,249.4199982,251.9054066,3.554600067,Yes,88655,255.4600067,251.9054066,-3.554600067,-3.460006714
,,,,,86400,,,,,,,,,,,,,,,,,,,,,,,,,,,,,,,,,,,,,,,,,,,,,,,,,,,,"ALLETEC.NS,0P0001Q78M,263600",,1671594300,19800000,,,,,,,,,,,,,,,,,,,,,ALLETEC.NS,362,0,362,370,365,351,348.75,357.38,4.62,Yes,79200,362,357.38,-4.62,3
,,,,,86400,2,195.47,205.24,205.24,205.24,195.47,205.24,205.24,205.24,0.5,0.105500005,0.861,43.39112,,70820,70820,464109,195484,195484,,,19765393408,50,205.24,1.7745525,153.5714,135.07135,20540973056,0.042340003,36804420,96303800,0.69276,0.044060003,100207000,71.291,2.8789048,1711843200,1743379200,1711843200,-0.602,471590016,4.73,,,,1.844,22.998,2.8440511,0.17829525,0.5,1695340800,OM INFRA LIMITED,Om Infra Limited,1308282300,19800000,205.24,,,,,,none,,822859008,8.11,893166976,1075399040,11138241536,13.985,111.952,-0.455,-0.147,0.55169,0.08019,0.08137,OMINFRAL.NS,197.0099945,205.24,197.0099945,205.2400055,200.2400055,205.2400055,205.2400055,196.0099945,9.230010986,No,70820,205.2400055,205.2400055,0,-5
,,,,,86400,,,,,,,,,,,,,,,,,,,,,,,,,,,,,,,,,,,,,,,,,,,,,,,,,,,,"NPST.NS,0P0001N0DJ,103800",,1631763900,19800000,,,,,,,,,,,,,,,,,,,,,NPST.NS,2397.5,0,2397.5,2484.850098,2479.850098,2410,2478.149902,2396.5,13.5,No,70400,2410,2478.149902,68.14990234,69.85009766
,,,,,86400,2,2253.7,2260.6,2260,2367.2,2253.7,2260.6,2260,2367.2,1.5,0.0448,0.534,70.217384,41.461227,56965,56965,92208,51279,51279,,,97834221568,1058.8,2367.2,11.893189,1842.325,1443.103,92101271552,0.16867,12874293,41406700,0.68919,0.22361,41492100,116.208,20.29034,1711843200,1743379200,1711843200,0.081,1387512064,33.58,56.87,,,11.196,,1.000799,0.17829525,1.5,1692316800,Prudent Corp Adv Ser Ltd,Prudent Corporate Advisory Services Limited,1653018300,19800000,2357.9,2550,1480,2023.25,2031.5,1.2,strong_buy,4,1454077056,35.104,,203154000,8226071040,4.22,198.669,0.08,0.346,0.47072,,0.24388,PRUDENT.NS,2286.850098,2367.2,2286.850098,2367.199951,2362.199951,2260.600098,2357.899902,2262.981597,23.86850098,No,56965,2286.850098,2357.899902,71.04980469,75.34985352
,,,,,86400,2,1902,1905,1905,2057.3,1902,1905,1905,2057.3,10.3,,,,,53495,53495,19262,42796,42796,,,39460134912,1203.9,2057.3,2.741639,1617.918,1553.4646,52594462720,-0.083459996,5772017,20232100,0.71471,0.15109,20239600,296.637,6.572511,1711843200,1743379200,1711843200,,-1201299968,-59.34,,,,3.654,99.347,0.2581445,0.17829525,5.15,1712188800,Sundaram Clayton Limited,Sundaram-Clayton Limited,1703821500,19800000,1949.65,,,,,,none,,144200000,7.127,529400000,14257200128,14392899584,237.557,711.389,,,0.42414,0.03678,0.00463,SUNCLAY.NS,1950,2057.3,1950,2057.300049,2052.300049,1905,1949.650024,1929.5,20.5,No,53495,1950,1949.650024,-0.349975586,102.3000488
,,,,,86400,2,845.05,887.3,845.05,887.3,845.05,887.3,845.05,887.3,,,0.787,3.4597785,,45660,45660,10538,13121,13121,,,10983019520,81.5,887.3,0.25712323,751.388,498.0945,27844935680,0.07429,3061662,12742800,0.70327,,12923900,-613.153,,1711843200,1743379200,1711843200,1.503,3173299968,249.12,,,,0.652,6.638,9.114303,0.17829525,2.5,1284595200,ELECTROTHERM (INDI,Electrotherm (India) Limited,1187581500,19800000,861.9,,,,,,none,,623900032,48.974,4194899968,17703399424,42715000832,,3352.804,1.503,0.178,0.3039,0.09821,0.09847,ELECTHERM.NS,845.0499878,887.3,845.0499878,887.2999878,882.2999878,887.2999878,861.9000244,844.0499878,43.25,No,45660,887.2999878,861.9000244,-25.39996338,-5
,,,,,86400,,,,,,,,,,,,,,,,,,,,,,,,,,,,,,,,,,,,,,,,,,,,,,,,,,,,"ENSER.NS,0P0001SKZU,42000",,1711079100,19800000,,,,,,,,,,,,,,,,,,,,,ENSER.NS,216.75,0,216.75,223.8999939,218.8999939,223.8999939,209.8999939,215.75,8.149993896,Yes,42000,223.8999939,215.75,-8.149993896,-5
,,,,,86400,2,1584.3,1590,1575,1600.25,1584.3,1590,1575,1600.25,2,0.1102,1.018,86.77827,25.834967,36279,36279,82375,62601,62601,,,40036929536,811.15,1600.25,3.565408,1312.096,1074.546,37598437376,0.03613,12465758,25307800,0.42936,0.27766,25322200,470.625,3.359575,1711843200,1743379200,1711843200,0.404,405716992,18.22,61.2,,,3.348,27.273,0.52578616,0.17829525,2,1694649600,GANESHA ECOSPHERE,Ganesha Ecosphere Limited,1425872700,19800000,1581.1,1540,1540,1540,1540,,none,1,1807587968,80.856,1378612992,3987902976,11229270016,37.904,502.348,0.368,0.013,0.28461,0.122770004,0.115389995,GANECOS.NS,1594.449951,1600.25,1594.449951,1600.25,1595.25,1590,1581.099976,1589,5.449951172,Yes,36279,1594.449951,1589,-5.449951172,0.800048828
,,,,,86400,2,2435.75,2453,2389,2508,2435.75,2453,2389,2508,4,0.0733,0.511,44.16789,,35080,35080,49410,46579,46579,,,28989894656,1205,2552,5.621794,2227.248,1789.313,29160435712,0.12948,5021512,12030000,,0.03306,12190400,291.214,8.275015,1711843200,1743379200,1711843200,0.172,667692032,54.56,,,,5.655,29.5,0.966138,0.17829525,2,1695340800,Jash Engineering Limited,Jash Engineering Limited,1507779900,19800000,2409.8,,,,,,none,,1015990016,84.243,988499968,800755008,5156698112,22.8,427.555,0.164,0.286,0.59095,0.19169001,0.2321,JASH.NS,2494,2552,2494,2508,2503,2453,2409.800049,2468.06,25.94,Yes,35080,2494,2468.06,-25.94,9
,,,,,86400,2,2099.9,2110.4,2044.55,2170.35,2099.9,2110.4,2044.55,2170.35,75,0.7147,1.319,29.779064,25.804832,34620,34620,25695,24332,24332,,,35674656768,1078.8,2170.35,6.542129,1935.752,1700.5365,34230974464,0.2178,4498828,17105800,0.73475,0.01852,17131100,271.106,7.681313,1711843200,1743379200,1711843200,-0.107,1187682048,69.93,80.7,,,6.277,20.912,0.9168416,0.17829525,45,1722470400,MPS LTD,MPS Limited,1025495100,19800000,2082.45,,,,,3,hold,,1430231040,84.326,1636930944,45413000,5453065216,0.988,321.431,-0.092,0.172,0.54221,0.30019,0.24982001,MPSLTD.NS,2162,2170.35,2162,2170.350098,2165.350098,2110.399902,2082.449951,2139.38,22.62,Yes,34620,2162,2139.38,-22.62,3.350097656
,,,,,86400,2,84.45,83.5,83.5,88.65,84.45,83.5,83.5,88.65,0.02,0.0039,0.299,17.280703,,33088,33088,15036,52149,52149,,,914868032,46.1,88.65,1.1501712,54.917,64.66975,1204171136,0.05684,1064974,10320000,,,10422200,52.45,1.6901811,1711843200,1743379200,1711843200,-0.059,45208000,5.13,,06:05,1570060800,1.514,9.099,0.4636048,0.17829525,0.02,1695340800,Reliable Data Service Ltd,Reliable Data Services Limited,1507779900,19800000,88.65,,,,,,none,,71587000,7.644,132336000,381196000,795419008,64.078,90.261,0.037,0.088,0.80973,0.16636999,0.10922,RELIABLE.NS,86.65000153,88.65,86.65000153,88.65000153,83.65000153,83.5,88.65000153,84.78350151,1.866500015,No,33088,86.65000153,88.65000153,2,-3
,,,,,86400,2,2335.75,2399,2271,2442.5,2335.75,2399,2271,2442.5,2,0.028499998,-0.192,65.656395,,20632,20632,26607,29292,29292,,,30518609920,247,2442.5,1.7484323,1554.002,1170.6372,33109489664,0.02319,2720375,13237200,0.74317,,13265500,185.27,12.417553,1711843200,1743379200,1711843200,1.239,404811008,35.04,,,,1.897,42.861,7.6847,0.17829525,1,1695168000,Sky Gold Limited,Sky Gold Limited,1672976700,19800000,2300.6,,,,,,none,,767582016,58.255,772494016,3100571904,17454841856,127.012,1516.909,0.82,0.902,0.059959996,0.044260003,0.04514,SKYGOLD.NS,2364.399902,2442.5,2364.399902,2442.5,2437.5,2399,2300.600098,2363.399902,35.60009766,Yes,20632,2399,2363.399902,-35.60009766,38.5
,,,,,86400,2,95.41,100.18,100.18,100.18,95.41,100.18,100.18,100.18,0.2,0.042600002,0.758,21.314894,,19284,19284,36653,46920,46920,,,1265664128,36.25,100.18,1.2577254,77.1338,63.93795,1329746048,0.058520004,3922074,12633900,0.6038,,12711200,41.187,2.4323208,1711843200,1743379200,1711843200,1.171,58886000,4.7,,,,1.321,12.126,1.415443,0.17829525,0.2,1695340800,Power Instrument (G) Ltd,Power & Instrumental (Gujarat) Limited,1525751100,19800000,100.18,,,,,,none,,3604000,0.29,109659000,146716000,1006312000,28.641,80.319,1.216,-0.122,0.18797001,0.10897,0.09788,PIGL.NS,95.41000366,100.18,95.41000366,100.1800003,95.18000031,100.1800003,100.1800003,94.41000366,5.769996643,No,19284,100.1800003,100.1800003,0,-5
,,,,,86400,2,280.5,282,280,286.11,280.5,282,280,286.11,,,1.139,64.15022,,16853,16853,60862,33631,33631,,,5694904832,88.4,286.11,5.567052,226.4448,155.46796,5339537920,0.08498,8128009,19904600,0.60076,,20213100,21.154,13.525102,1711843200,1743379200,1711843200,1.975,86935000,4.46,,,,5.22,48.34,1.7786033,0.17829525,,,Iris Business Serv Ltd,IRIS Business Services Limited,1636343100,19800000,286.11,,,,,,none,,157784000,8.15,110457000,64654000,1022966016,15.715,52.836,1.98,0.477,0.49802,0.107980005,0.16397,IRIS.NS,285,286.11,285,286.1099854,281.1099854,282,286.1099854,281.15,3.85,No,16853,285,286.1099854,1.109985352,-3.890014648
,,,,,86400,,,,,,,,,,,,,,,,,,,,,,,,,,,,,,,,,,,,,,,,,,,,,,,,,,,,"KONTOR.NS,0P0001RNW5,57600",,1696909500,19800000,,,,,,,,,,,,,,,,,,,,,KONTOR.NS,157.75,0,157.75,165.6000061,160.6000061,165.6000061,165.6000061,156.75,8.850006104,No,9600,165.6000061,165.6000061,0,-5
,,,,,86400,,,,,,,,,,,,,,,,,,,,,,,,,,,,,,,,,,,,,,,,,,,,,,,,,,,,"WOMANCART.NS,0P0001RQEO,4800",,1698378300,19800000,,,,,,,,,,,,,,,,,,,,,WOMANCART.NS,289.7999878,0,289.7999878,304.2000122,299.2000122,304.2000122,289.75,288.7999878,15.40002441,No,8000,304.2000122,289.75,-14.45001221,-5
,,,,,86400,,,,,,,,,,,,,,,,,,,,,,,,,,,,,,,,,,,,,,,,,,,,,,,,,,,,"PARIN.NS,0P0001EON4,22000",,1540784700,19800000,,,,,,,,,,,,,,,,,,,,,PARIN.NS,249.3500061,0,249.3500061,254.4499969,249.4499969,249.5,252.8000031,248.3500061,1.149993896,No,8000,249.5,252.8000031,3.300003052,-0.050003052
,,,,,86400,2,333.1,349.75,349.75,349.75,333.1,349.75,349.75,349.75,,,-3.136,50.25144,,5393,5393,3576,2419,2419,,,4339138560,59.1,349.75,2.7225711,266.5146,223.3109,1577347712,0.01811,710172,12341600,0.50206,,12406400,-16.792,,1711843200,1743379200,1711843200,-0.199,28857000,6.96,,,,0.99,14.521,3.7928057,0.17829525,,,S & S POWER SWITCH,S&S Power Switchgear Limited,1585539900,19800000,349.75,,,,,,none,,93945000,29.149,108628000,586739008,1593764992,,384.399,0.019,-0.071,0.34465,0.06816,0.05307,S&SPOWER.NS,340.0499878,349.75,340.0499878,349.75,344.75,349.75,349.75,339.0499878,10.70001221,No,5393,349.75,349.75,0,-5
,,,,,86400,,,,,,,,,,,,,,,,,,,,,,,,,,,,,,,,,,,,,,,,,,,,,,,,,,,,"GRCL.NS,0P0001QE4W,1500",,1675741500,19800000,,,,,,,,,,,,,,,,,,,,,GRCL.NS,389,0,389,390,385,390,390,388,2,No,500,390,390,0,-5
